"","user","interest1","interest2","interest3","interest4","interest5","interest6","interest7","interest8","interest9","interest10","cor1","cor2","cor3","cor4","cor5","cor6","cor7","cor8","cor9","cor10"
"1","-2147479371","popular_lifestyle_relaxing","popular_social_familyfriendly","popular_cultural_theater","popular_cultural_art","popular_historical_historical","popular_cultural_culture","popular_naturalfeature_nature","popular_attraction_aquarium","popular_cultural_livemusic","popular_food_food","0.898369809315534","0.879444855390197","0.852065553504593","0.798889083166346","0.742311471864543","0.735006932171413","0.723378020212523","0.699443292387007","0.613807362558852","0.598651366273279"
"2","-2147476571","popular_landmark_university","popular_attraction_zoo","popular_attraction_gardens","popular_naturalfeature_lake","popular_social_nightclubs","popular_social_cafes","popular_urban_urban","popular_attraction_aquarium","popular_shopping_markets","popular_entertainment_casino","0.84251740172002","0.807344641723176","0.711590459460492","0.705400970495611","0.693276968588731","0.690825553663057","0.662294751654506","0.656128720929947","0.655582596824452","0.646916012555179"
"3","-2147347974","popular_attraction_gardens","popular_shopping_shopping","popular_activity_dining","popular_social_restaurants","popular_lifestyle_budget","popular_lifestyle_luxury","popular_food_food","popular_activity_walking","popular_social_familyfriendly","popular_food_coffee","0.988624885140333","0.962451602224164","0.894031284429179","0.881527720687482","0.86546600493986","0.856033099403694","0.800050639498201","0.770923383269085","0.74426121621263","0.731694355665624"
"4","-2147159373","popular_food_coffee","popular_field_business","popular_attraction_gardens","popular_landmark_university","popular_naturalfeature_beach","popular_activity_fishing","popular_historical_historical","popular_activity_hiking","popular_activity_biking","popular_social_nightclubs","0.929513168249839","0.827144409641181","0.761531883966622","0.704418546789288","0.689046733297436","0.658958403323375","0.634579552106074","0.622369548147181","0.611896060360436","0.600456347057587"
"5","-2147108231","popular_activity_dancing","popular_activity_biking","popular_cultural_art","popular_cultural_culture","popular_cultural_musicals","popular_cultural_museums","popular_architecture_castle","popular_shopping_markets","popular_cultural_theater","popular_naturalfeature_desert","0.810635726819063","0.695117355287064","0.679309820062207","0.66831445085998","0.664097428136912","0.643255594578454","0.636150615512113","0.62471746000773","0.590792591485783","0.588561240619787"
"6","-2147097864","popular_transport_port","popular_lifestyle_relaxing","popular_transport_ferry","popular_naturalfeature_beach","popular_landscape_scenery","popular_naturalfeature_lake","popular_activity_waterskiing","popular_activity_kayaking","popular_activity_rafting","popular_social_familyfriendly","0.808385490816381","0.78070348374371","0.706757193465372","0.542563242097285","0.519884354006129","0.483655583610223","0.437939277499884","0.320176718611195","0.272183846184765","0.249208740882892"
"7","-2147096219","popular_activity_swimming","popular_activity_sharks","popular_naturalfeature_waterfalls","popular_attraction_aquarium","popular_cultural_entertainment","popular_activity_golf","popular_activity_sunsets","popular_naturalfeature_volcanoes","popular_activity_hockey","popular_activity_football","0.690705052796217","0.536953944064167","0.511705477055928","0.483170292720354","0.434523010900473","0.431052620122943","0.416462431839999","0.378517143555543","0.377573358499783","0.377066895297269"
"8","-2147013332","popular_activity_basketball","popular_landscape_hilly","popular_architecture_skyscrapers","popular_social_bars","popular_cultural_art","popular_urban_urban","popular_shopping_markets","popular_lifestyle_trendy","popular_activity_soccer","popular_activity_biking","0.783990155843893","0.680032681897825","0.645841539040256","0.602242956515933","0.601968243448312","0.589074796435911","0.567082692607365","0.555703095782577","0.549467924814824","0.547679835333146"
"9","-2146976120","popular_activity_snorkeling","popular_naturalfeature_islands","popular_urban_smalltown","popular_activity_diving","popular_activity_boating","popular_transport_ferry","popular_activity_excursions","popular_social_bars","popular_food_seafood","popular_activity_rockclimbing","0.938663420788243","0.935095144335121","0.768680443430005","0.698036635493505","0.653370336737665","0.637966944196672","0.585828513295061","0.549908324318881","0.54065869173704","0.503960279055699"
"10","-2146924498","popular_naturalfeature_waterfalls","popular_urban_smalltown","popular_naturalfeature_forests","popular_activity_tours","popular_attraction_themepark","popular_naturalfeature_islands","popular_naturalfeature_beach","popular_naturalfeature_sea","popular_attraction_naturalparks","popular_naturalfeature_volcanoes","0.680884400760478","0.632090918800046","0.587072149469338","0.420737734096308","0.41327311553601","0.407480826050057","0.384994183666717","0.363656789218305","0.295623795042868","0.295501615265142"
"11","-2146885750","popular_naturalfeature_beach","popular_weather_tropical","popular_activity_sailing","popular_naturalfeature_sea","popular_urban_smalltown","popular_activity_adventure","popular_urban_marina","popular_transport_port","popular_activity_boating","popular_naturalfeature_islands","0.910052752288511","0.885195057370149","0.857898136823607","0.841748524189235","0.835295982203991","0.809466118769657","0.757708580096168","0.757291840887271","0.749886634834934","0.731948878918729"
"12","-2146650921","popular_activity_spas","popular_activity_dining","popular_social_familyfriendly","popular_social_restaurants","popular_lodging_resorts","popular_food_food","popular_lifestyle_relaxing","popular_social_bars","popular_naturalfeature_sea","popular_social_nightclubs","0.560681300313402","0.530334095025958","0.520437774986131","0.516007816629134","0.467206275702187","0.436593248278445","0.41205723210175","0.404248925118997","0.335712576641195","0.282123603917394"
"13","-2146518467","popular_activity_hockey","popular_activity_conferences","popular_attraction_waterparks","popular_activity_safari","popular_activity_sailing","popular_activity_excursions","popular_activity_kayaking","popular_activity_sunrise","popular_naturalfeature_lake","popular_activity_diving","0.651127456843953","0.544085559682818","0.492087767360621","0.481250163156886","0.424175658691587","0.365394498748642","0.361425827663804","0.352699998617498","0.348540580102179","0.329689971290357"
"14","-2146426823","popular_shopping_shopping","popular_cultural_livemusic","popular_activity_sports","popular_social_bars","popular_activity_boating","popular_lifestyle_budget","popular_social_nightclubs","popular_social_restaurants","popular_activity_dining","popular_naturalfeature_beach","0.761066660334213","0.726015126669891","0.68904120232738","0.688179404934976","0.686992583604566","0.628452571990742","0.616692294343813","0.598488360771944","0.58784904774352","0.566552351040548"
"15","-2146337419","popular_activity_spas","popular_food_food","popular_social_bars","popular_food_coffee","popular_social_restaurants","popular_activity_dining","popular_activity_walking","popular_shopping_shopping","popular_social_nightclubs","popular_cultural_jazz","0.803338011543596","0.564735959490778","0.538592697121743","0.49450427132933","0.486050568721174","0.446278582863774","0.441256937546798","0.411371088639976","0.405022115954744","0.377339784013541"
"16","-2146280943","popular_activity_dancing","popular_naturalfeature_nature","popular_food_finedining","popular_cultural_culture","popular_cultural_festivals","popular_social_familyfriendly","popular_cultural_theater","popular_cultural_livemusic","popular_activity_excursions","popular_shopping_markets","0.962342617024983","0.960221542596273","0.937496596374122","0.927638113499468","0.920877035372026","0.917045990635069","0.889638245911454","0.866312401262522","0.824796023419558","0.81109746883262"
"17","-2146151149","popular_activity_swimming","popular_social_familyfriendly","popular_activity_dining","popular_social_restaurants","popular_activity_sports","popular_food_coffee","popular_field_business","popular_shopping_shopping","popular_activity_walking","popular_cultural_entertainment","0.659459016703688","0.642463145774022","0.621558165693548","0.616034545854368","0.569878904972279","0.557795114740759","0.545380637993994","0.538934898597906","0.501442930395395","0.449613590260965"
"18","-2146127286","popular_shopping_shopping","popular_activity_walking","popular_attraction_gardens","popular_social_restaurants","popular_tourism_chinatown","popular_social_bars","popular_activity_dining","popular_historical_historical","popular_urban_urban","popular_attraction_zoo","0.751541833846723","0.684340481881536","0.637686248534929","0.583757395963746","0.552410529500667","0.521974561136365","0.497365172045797","0.474277605662594","0.457398174726304","0.416807794702163"
"19","-2146053450","popular_activity_walking","popular_food_finedining","popular_activity_dining","popular_transport_ferry","popular_attraction_wineries","popular_shopping_shopping","popular_activity_swimming","popular_naturalfeature_islands","popular_social_restaurants","popular_lifestyle_luxury","0.989701235822708","0.965699581152434","0.813778459215212","0.804303194689244","0.786452845565651","0.73562587177147","0.72164717310205","0.719614524413067","0.71051327974553","0.657086290187968"
"20","-2145984269","popular_food_beer","popular_weather_tropical","popular_urban_urban","popular_activity_football","popular_activity_conferences","popular_activity_excursions","popular_transport_port","popular_attraction_themepark","popular_naturalfeature_nature","popular_activity_diving","0.428309479866903","0.365800951235305","0.340496195309426","0.295280014784597","0.278018308108847","0.266620036880981","0.26436867856451","0.257701198911864","0.255292753759365","0.250753853892289"
"21","-2145869126","popular_social_familyfriendly","popular_activity_dining","popular_social_restaurants","popular_attraction_zoo","popular_activity_spas","popular_food_coffee","popular_activity_sports","popular_entertainment_casino","popular_activity_golf","popular_cultural_entertainment","0.572476468013708","0.398741362048824","0.393677191330366","0.384328243200554","0.354085585289837","0.346943512050654","0.318207508533137","0.31547662162215","0.298689891573971","0.287881258294712"
"22","-2145720698","popular_cultural_entertainment","popular_lodging_resorts","popular_shopping_markets","popular_naturalfeature_islands","popular_architecture_ruins","popular_activity_excursions","popular_activity_coralreefs","popular_architecture_churches","popular_weather_tropical","popular_naturalfeature_sea","0.946719658567163","0.780951019588067","0.71083110919035","0.706570015283049","0.674189493079152","0.671773719373604","0.611216445027557","0.603932803773478","0.56747506241557","0.535707295102533"
"23","-2145689233","popular_field_business","popular_cultural_theater","popular_social_bars","popular_social_nightclubs","popular_activity_sports","popular_social_restaurants","popular_social_cafes","popular_activity_conferences","popular_tourism_chinatown","popular_food_coffee","0.734218821840625","0.714855078068111","0.635153468273535","0.6308752774081","0.606359917176881","0.516415727755569","0.516158932604669","0.472584768969625","0.466896639680211","0.465876225494542"
"24","-2145672937","popular_food_coffee","popular_activity_swimming","popular_activity_spas","popular_naturalfeature_rainforest","popular_activity_skydiving","popular_activity_walking","popular_lifestyle_trendy","popular_tourism_chinatown","popular_activity_rowing","popular_activity_waterskiing","0.904037183188431","0.898909191303407","0.829257393516434","0.794357530726543","0.781584048243039","0.757136988721288","0.740853314010154","0.736383161210741","0.728783957542012","0.727308768183426"
"25","-2145525048","popular_cultural_art","popular_cultural_culture","popular_food_beer","popular_activity_golf","popular_naturalfeature_countryside","popular_social_bars","popular_naturalfeature_lake","popular_cultural_entertainment","popular_cultural_museums","popular_architecture_temples","0.9364291711656","0.874448169543648","0.872270524306119","0.863704712761526","0.853223410963758","0.837210400246716","0.819103455493725","0.817034413572518","0.812743486332375","0.792530719207353"
"26","-2145375192","popular_naturalfeature_nature","popular_social_nightclubs","popular_architecture_temples","popular_shopping_markets","popular_activity_biking","popular_attraction_aquarium","popular_historical_historical","popular_shopping_shopping","popular_lifestyle_budget","popular_attraction_naturalparks","0.89331240750869","0.817358095490831","0.785691740862649","0.750393884236654","0.74942991287034","0.69594415545971","0.68748253080052","0.665246325578286","0.654350839600613","0.638075253292289"
"27","-2145285753","popular_architecture_ruins","popular_activity_dining","popular_attraction_gardens","popular_naturalfeature_beach","popular_urban_urban","popular_activity_sightseeing","popular_lifestyle_relaxing","popular_social_restaurants","popular_architecture_cathedral","popular_activity_swimming","0.938021102715042","0.917310027028422","0.916371610909597","0.894378379915183","0.865125132981522","0.807862736231072","0.802143327548796","0.732259288088783","0.712722299647435","0.703008082381123"
"28","-2145167089","popular_food_food","popular_naturalfeature_beach","popular_lodging_resorts","popular_activity_swimming","popular_cultural_entertainment","popular_naturalfeature_sea","popular_social_bars","popular_lifestyle_relaxing","popular_social_familyfriendly","popular_activity_dining","0.83464346306986","0.826182179350069","0.802866420316963","0.78534574874157","0.752739176051392","0.705134641727068","0.699018502591805","0.678161173701636","0.609455049715015","0.602189555090741"
"29","-2145162698","popular_activity_hockey","popular_activity_ecotourism","popular_social_cafes","popular_tourism_chinatown","popular_entertainment_casino","popular_architecture_skyscrapers","popular_activity_whalewatching","popular_activity_spas","popular_transport_port","popular_transport_ferry","0.899608765376305","0.757800335658974","0.749311249298036","0.681963998661161","0.670230167981832","0.656956745355811","0.629583889934452","0.622370902817154","0.607137854619161","0.583020539198688"
"30","-2145042510","popular_shopping_markets","popular_cultural_jazz","popular_activity_dancing","popular_architecture_cathedral","popular_attraction_gardens","popular_social_bars","popular_activity_walking","popular_social_cafes","popular_attraction_aquarium","popular_shopping_shopping","0.632352963816345","0.623166379503726","0.61511083170486","0.579771664307346","0.554063029899859","0.508374471007842","0.47252419547351","0.442685430439404","0.43597931968175","0.435706561289586"
"31","-2144942284","popular_food_food","popular_activity_swimming","popular_activity_sports","popular_food_coffee","popular_activity_soccer","popular_lifestyle_relaxing","popular_shopping_shopping","popular_lifestyle_romantic","popular_attraction_zoo","popular_activity_conferences","0.828100590146067","0.817355141208005","0.740038009872265","0.722316234505509","0.705839456178928","0.643514609895449","0.624313490057753","0.620674829055222","0.592070755379739","0.59109373307274"
"32","-2144924248","popular_activity_baseball","popular_activity_football","popular_cultural_theater","popular_cultural_entertainment","popular_activity_sports","popular_transport_port","popular_lifestyle_luxury","popular_activity_swimming","popular_social_bars","popular_attraction_themepark","0.974959061166095","0.940670429081661","0.926249697237568","0.784358131345814","0.775346340290328","0.77325822456885","0.7121166671523","0.702340499716057","0.686484416043617","0.646535228331816"
"33","-2144866481","popular_architecture_skyscrapers","popular_food_coffee","popular_activity_basketball","popular_social_familyfriendly","popular_lifestyle_budget","popular_landmark_university","popular_cultural_festivals","popular_cultural_theater","popular_field_business","popular_social_bars","0.978174344971994","0.969610240373665","0.936089951775711","0.926307686726048","0.925568269365764","0.917746016408016","0.909257886386725","0.904687333105894","0.851233437170333","0.846967593908854"
"34","-2144800148","popular_social_bars","popular_social_restaurants","popular_activity_dining","popular_shopping_shopping","popular_transport_port","popular_activity_spas","popular_activity_walking","popular_naturalfeature_beach","popular_food_coffee","popular_lifestyle_budget","0.513202560825161","0.480750560434669","0.467542199274847","0.462809558766114","0.454982943331103","0.453738574213703","0.445071499068975","0.420678406280471","0.37777188426431","0.340113927046512"
"35","-2144648354","popular_cultural_museums","popular_cultural_theater","popular_activity_conferences","popular_historical_historical","popular_field_business","popular_cultural_festivals","popular_naturalfeature_beach","popular_cultural_art","popular_naturalfeature_river","popular_urban_urban","0.975485566886264","0.934767416911468","0.904803088602878","0.875554958670174","0.798471141889453","0.743083551452381","0.707109076735006","0.705048318151394","0.618516217087039","0.553091692879366"
"36","-2144421001","popular_activity_tours","popular_activity_dancing","popular_activity_boating","popular_cultural_livemusic","popular_social_bars","popular_activity_hiking","popular_food_beer","popular_naturalfeature_lake","popular_cultural_entertainment","popular_lifestyle_nightlife","0.931118340529132","0.91412984732099","0.903567048533897","0.888843112295624","0.734694328642567","0.680123904910837","0.679497516749398","0.642102927778776","0.63927994908725","0.633726167811525"
"37","-2144367689","popular_social_familyfriendly","popular_activity_swimming","popular_cultural_entertainment","popular_lifestyle_luxury","popular_activity_conferences","popular_activity_sports","popular_social_nightclubs","popular_entertainment_casino","popular_activity_spas","popular_food_coffee","0.611545838513339","0.599475024316438","0.56834688203117","0.550811315011924","0.539860167809136","0.518560535667619","0.51551227294473","0.476426658794497","0.428743374926067","0.424948246560541"
"38","-2144363748","popular_activity_windsurfing","popular_transport_port","popular_historical_archaeology","popular_cultural_jazz","popular_activity_segwaytours","popular_activity_skydiving","popular_activity_football","popular_shopping_shopping","popular_activity_conferences","popular_activity_fishing","0.963174142911612","0.949499229651613","0.914712777693132","0.896619841887839","0.878986714962764","0.858461567494281","0.852150636892755","0.84961063865279","0.829181156519051","0.82705881614781"
"39","-2144331779","popular_social_cafes","popular_lifestyle_relaxing","popular_activity_sports","popular_cultural_theater","popular_entertainment_casino","popular_field_business","popular_cultural_livemusic","popular_activity_conferences","popular_activity_spas","popular_food_food","0.931636456826228","0.910151659742573","0.905260864267206","0.896059225960264","0.825777549082971","0.822866282902849","0.814060063656342","0.786805776829371","0.780243105861009","0.780208386005045"
"40","-2144306635","popular_cultural_entertainment","popular_lifestyle_budget","popular_lifestyle_nightlife","popular_lifestyle_luxury","popular_entertainment_casino","popular_cultural_livemusic","popular_activity_spas","popular_activity_baseball","popular_food_coffee","popular_activity_conferences","0.362414597957996","0.336247328541604","0.33126503012829","0.307186643245113","0.260259220003536","0.241308378638596","0.236715340402059","0.208792694222984","0.199281984238597","0.198347883215528"
"41","-2144268520","popular_entertainment_casino","popular_activity_boating","popular_naturalfeature_lake","popular_activity_skiing","popular_activity_kayaking","popular_naturalfeature_mountains","popular_activity_golf","popular_activity_adventure","popular_activity_hiking","popular_urban_smalltown","0.99983136932064","0.993513998062503","0.95539728083435","0.933104901598169","0.907069364148323","0.901987924516118","0.878016024548278","0.865157575162339","0.808086851904078","0.770179446525293"
"42","-2144217329","popular_cultural_culture","popular_activity_hiking","popular_activity_swimming","popular_naturalfeature_river","popular_architecture_castle","popular_activity_biking","popular_activity_hockey","popular_weather_sunnyweather","popular_activity_iceskating","popular_attraction_zoo","0.972812931163714","0.762769365159667","0.603675995236771","0.518956611661804","0.388617487001748","0.347690118317376","0.29154960636708","0.289486953698894","0.281459352489015","0.275603357997215"
"43","-2144211442","popular_naturalfeature_wildlife","popular_attraction_aquarium","popular_entertainment_casino","popular_cultural_jazz","popular_activity_dancing","popular_cultural_entertainment","popular_architecture_architecture","popular_naturalfeature_nature","popular_cultural_culture","popular_lifestyle_nightlife","0.829592856830801","0.811340544555132","0.734790797054557","0.70567519291004","0.652775741552216","0.652247433818576","0.638034818702485","0.617820222117368","0.545607674321741","0.545558070628723"
"44","-2144115148","popular_activity_skiing","popular_naturalfeature_mountains","popular_naturalfeature_nature","popular_lifestyle_romantic","popular_lifestyle_relaxing","popular_activity_snowshoeing","popular_attraction_gardens","popular_urban_smalltown","popular_landscape_scenery","popular_activity_spas","0.997062083157865","0.991622008144312","0.989880014745685","0.985392920488743","0.974343367131454","0.94570723179792","0.937860122631094","0.934878928247906","0.920463934658324","0.918941860680139"
"45","-2144057680","popular_cultural_festivals","popular_naturalfeature_mountains","popular_activity_dancing","popular_activity_horsebackriding","popular_activity_football","popular_activity_basketball","popular_activity_soccer","popular_social_friendlypeople","popular_food_beer","popular_activity_sunrise","0.92381488708217","0.886275152192314","0.880516390682631","0.866565344042116","0.852246131913829","0.849525102716054","0.768694238475658","0.764008788079563","0.758502848755332","0.757194844329392"
"46","-2144057491","popular_social_familyfriendly","popular_food_food","popular_activity_sightseeing","popular_landmark_monuments","popular_social_bars","popular_field_business","popular_activity_walking","popular_social_restaurants","popular_social_nightclubs","popular_activity_dining","0.998644134196005","0.996499635208533","0.993800148430187","0.988477881426327","0.98496899170869","0.949546832294868","0.947808388950418","0.941662854945236","0.936817635826477","0.926670610196369"
"47","-2144054796","popular_cultural_theater","popular_food_beer","popular_cultural_art","popular_weather_tropical","popular_activity_swimming","popular_activity_horsebackriding","popular_activity_spas","popular_architecture_architecture","popular_activity_football","popular_cultural_musicals","0.482054363994582","0.450473123631078","0.41574700327894","0.363143314271994","0.360364434795758","0.337687414468268","0.333774232269066","0.299137111595427","0.285075938250487","0.264084606535225"
"48","-2144054432","popular_entertainment_casino","popular_activity_spas","popular_food_food","popular_social_familyfriendly","popular_activity_conferences","popular_lifestyle_nightlife","popular_lifestyle_budget","popular_cultural_entertainment","popular_lifestyle_luxury","popular_lifestyle_relaxing","0.865554894472988","0.854103554106574","0.824435849710546","0.783534315107719","0.771686774009224","0.719247709070664","0.709139307138374","0.694942592588447","0.675264568126767","0.626234704706976"
"49","-2144032179","popular_cultural_theater","popular_lifestyle_nightlife","popular_activity_sightseeing","popular_cultural_livemusic","popular_cultural_culture","popular_activity_dancing","popular_activity_soccer","popular_architecture_cathedral","popular_architecture_skyscrapers","popular_activity_conferences","0.996460645028689","0.995151179234058","0.985631848725682","0.974167757149304","0.958417150512947","0.927400511574345","0.920818708725921","0.903117128544577","0.898169203553318","0.887068968449372"
"50","-2144021679","popular_naturalfeature_islands","popular_cultural_musicals","popular_cultural_opera","popular_tourism_chinatown","popular_food_beer","popular_cultural_festivals","popular_landscape_scenery","popular_transport_ferry","popular_urban_smalltown","popular_cultural_culture","0.92842587395172","0.871709252996368","0.801312566914929","0.782242499751947","0.761493511347033","0.760922627358195","0.745239956973942","0.704835207520607","0.684943939081587","0.682533873545089"
"51","-2143906375","popular_naturalfeature_beach","popular_naturalfeature_sea","popular_transport_ferry","popular_attraction_themepark","popular_activity_biking","popular_historical_archaeology","popular_activity_surfing","popular_social_familyfriendly","popular_activity_horsebackriding","popular_activity_sightseeing","0.961145565193541","0.949835369525531","0.774147187141128","0.763548026888072","0.69235147004603","0.564323084374715","0.539591574795844","0.506391895602989","0.505299603758821","0.409463505690812"
"52","-2143814073","popular_naturalfeature_northernlights","popular_activity_kayaking","popular_activity_skydiving","popular_activity_rafting","popular_activity_snowmobileriding","popular_naturalfeature_hotsprings","popular_activity_snowshoeing","popular_activity_waterskiing","popular_urban_marina","popular_activity_ecotourism","0.84472130619016","0.702730966023148","0.633445339225672","0.629698135419016","0.622653546502184","0.619703956672956","0.600450422266419","0.597528414047729","0.561023206697073","0.550996737302503"
"53","-2143798898","popular_lifestyle_romantic","popular_lifestyle_nightlife","popular_naturalfeature_countryside","popular_naturalfeature_waterfalls","popular_food_beer","popular_food_cocktails","popular_activity_snowshoeing","popular_activity_waterskiing","popular_activity_sledding","popular_social_friendlypeople","0.915493955618841","0.443875524878694","0.434338667221359","0.419901903015142","0.418160164024155","0.399728198675404","0.391046515432445","0.375252186486099","0.369463633519885","0.369407936434717"
"54","-2143506346","popular_attraction_zoo","popular_lifestyle_romantic","popular_attraction_gardens","popular_landscape_secluded","popular_activity_excursions","popular_naturalfeature_islands","popular_activity_spas","popular_activity_sunrise","popular_activity_biking","popular_architecture_architecture","0.482009689838766","0.420635044840391","0.37222446602014","0.337694371108168","0.323763475644064","0.311796679967536","0.298252679616867","0.296656992929214","0.284978844849878","0.284274822965299"
"55","-2143478479","popular_historical_historical","popular_cultural_art","popular_naturalfeature_river","popular_cultural_museums","popular_urban_urban","popular_architecture_churches","popular_attraction_waterparks","popular_attraction_zoo","popular_urban_smalltown","popular_activity_hunting","0.875382965722929","0.831769785412463","0.830690484340759","0.79316992201608","0.79008348285223","0.769885190174244","0.730963039473917","0.70720082195291","0.706562770947712","0.693449694017613"
"56","-2143438376","popular_food_coffee","popular_lifestyle_budget","popular_lifestyle_luxury","popular_urban_marina","popular_transport_port","popular_activity_walking","popular_social_familyfriendly","popular_activity_sports","popular_field_business","popular_shopping_markets","0.87672016360593","0.719370237529136","0.535254863852895","0.426116934571968","0.401666092959093","0.325597921111302","0.313409497872481","0.277825288478758","0.267694981582878","0.229008298327414"
"57","-2143437620","popular_activity_sailing","popular_naturalfeature_mountains","popular_activity_boating","popular_lifestyle_nightlife","popular_landscape_secluded","popular_activity_surfing","popular_activity_windsurfing","popular_naturalfeature_sea","popular_naturalfeature_hotsprings","popular_naturalfeature_nature","0.864195626196316","0.863526328205664","0.843159763325398","0.833390962701387","0.8304599757534","0.779456902281044","0.777516812699141","0.776514492686688","0.767524667439885","0.726168466584384"
"58","-2143433987","popular_activity_adventure","popular_lifestyle_relaxing","popular_naturalfeature_forests","popular_naturalfeature_waterfalls","popular_naturalfeature_jungle","popular_lodging_resorts","popular_activity_snorkeling","popular_naturalfeature_sea","popular_naturalfeature_beach","popular_activity_kayaking","0.768259336533311","0.725677111104908","0.694619546788689","0.62601004745452","0.563680599062248","0.551060020280173","0.548880061533649","0.525734389855784","0.50916768882896","0.503351829419581"
"59","-2143413260","popular_activity_hiking","popular_attraction_themepark","popular_naturalfeature_waterfalls","popular_activity_basketball","popular_naturalfeature_nature","popular_naturalfeature_mountains","popular_activity_iceskating","popular_activity_excursions","popular_landscape_hilly","popular_attraction_zoo","0.912563442396161","0.785320493752296","0.76540482322716","0.753280345310701","0.709412729481209","0.689362329161482","0.688556596387355","0.664158752554179","0.636404103678858","0.620253943201245"
"60","-2143313762","popular_activity_dining","popular_activity_walking","popular_social_restaurants","popular_field_business","popular_social_cafes","popular_food_coffee","popular_food_food","popular_shopping_markets","popular_social_bars","popular_shopping_shopping","0.507679069191178","0.507649409598721","0.500235299020297","0.489252999405489","0.44766859473666","0.401708057617127","0.385265889099175","0.362689083353297","0.344639440006038","0.34398912445958"
"61","-2143280998","popular_lifestyle_budget","popular_food_coffee","popular_activity_sports","popular_food_food","popular_naturalfeature_mountains","popular_activity_spas","popular_cultural_entertainment","popular_activity_conferences","popular_social_cafes","popular_activity_dining","0.996512006973169","0.995527318854316","0.992150787741201","0.974046558693326","0.963862722307194","0.95919461951714","0.958130441409283","0.957904572356983","0.954865738345616","0.943949740676705"
"62","-2143201348","popular_social_nightclubs","popular_lifestyle_budget","popular_entertainment_casino","popular_food_coffee","popular_shopping_shopping","popular_social_cafes","popular_activity_sports","popular_activity_spas","popular_lifestyle_luxury","popular_activity_walking","0.986317455075014","0.985942677854335","0.984012964297185","0.948866166477471","0.937360963746961","0.936289048657375","0.912465579397124","0.883666783725285","0.882993992821223","0.842828527884693"
"63","-2143163339","popular_landmark_university","popular_social_familyfriendly","popular_activity_sports","popular_activity_dancing","popular_activity_biking","popular_cultural_festivals","popular_cultural_livemusic","popular_urban_urban","popular_food_coffee","popular_lifestyle_budget","0.876777258041194","0.808237110236825","0.767743623055303","0.767178241830259","0.681899195646959","0.590128618841584","0.583412960654743","0.548833218451664","0.483728709187105","0.47527925945418"
"64","-2143098098","popular_transport_port","popular_shopping_shopping","popular_activity_excursions","popular_activity_ecotourism","popular_naturalfeature_islands","popular_activity_diving","popular_transport_ferry","popular_activity_snorkeling","popular_food_beer","popular_naturalfeature_sea","0.957095784439464","0.839205272862403","0.822748203204573","0.789934126566119","0.789228258106464","0.763773955309946","0.693159023670561","0.674265941143376","0.632331929486561","0.621278175709834"
"65","-2142997327","popular_cultural_museums","popular_activity_walking","popular_shopping_markets","popular_food_coffee","popular_activity_dining","popular_social_restaurants","popular_naturalfeature_forests","popular_cultural_art","popular_food_food","popular_shopping_shopping","0.984375464899086","0.853520181708228","0.820756599451416","0.759502484869833","0.716989908845156","0.709174932875683","0.669944985615758","0.657593120881538","0.533251670279999","0.51211302507949"
"66","-2142936847","popular_social_familyfriendly","popular_activity_spas","popular_activity_dining","popular_lodging_resorts","popular_food_food","popular_cultural_entertainment","popular_social_restaurants","popular_social_bars","popular_social_nightclubs","popular_naturalfeature_beach","0.921020247429141","0.802095838977979","0.788290189193842","0.761018838641491","0.756508304459252","0.744956059899984","0.71178413483704","0.696803357459604","0.624389571841676","0.619415895530755"
"67","-2142929315","popular_cultural_museums","popular_activity_sports","popular_historical_historical","popular_social_nightclubs","popular_cultural_art","popular_cultural_theater","popular_naturalfeature_sea","popular_cultural_livemusic","popular_lifestyle_luxury","popular_activity_dining","0.900786756654391","0.888672459685341","0.868412407419532","0.862625541352279","0.827720218870185","0.786551924406496","0.709502667397457","0.68660944174077","0.661279140765393","0.567323293657222"
"68","-2142928545","popular_naturalfeature_beach","popular_attraction_waterparks","popular_naturalfeature_islands","popular_naturalfeature_sea","popular_lodging_resorts","popular_activity_snorkeling","popular_activity_swimming","popular_social_bars","popular_activity_diving","popular_food_beer","0.484582056733051","0.446550382563416","0.410326447180071","0.387161765168529","0.381589405214749","0.33772510042658","0.315594727706069","0.259561676574636","0.259509466142836","0.25053299305375"
"69","-2142926529","popular_naturalfeature_lake","popular_architecture_churches","popular_architecture_cathedral","popular_landmark_monuments","popular_activity_boating","popular_lifestyle_trendy","popular_cultural_art","popular_activity_dancing","popular_cultural_livemusic","popular_activity_skydiving","0.961996407388239","0.904421303436073","0.901796245530602","0.880850610466574","0.778899911383976","0.7189702372501","0.695197544814599","0.69413259350633","0.686710320713033","0.675604254586726"
"70","-2142857901","popular_lifestyle_budget","popular_urban_urban","popular_cultural_theater","popular_cultural_livemusic","popular_activity_walking","popular_social_familyfriendly","popular_field_business","popular_shopping_shopping","popular_social_cafes","popular_social_restaurants","0.999113632960161","0.998428174662173","0.99736540441469","0.98943822959123","0.989308864303765","0.986376056168164","0.985809164464438","0.981912822764119","0.980372753458362","0.979311921629732"
"71","-2142828179","popular_social_familyfriendly","popular_naturalfeature_islands","popular_activity_sunsets","popular_activity_skiing","popular_activity_basketball","popular_naturalfeature_mountains","popular_architecture_architecture","popular_transport_port","popular_architecture_temples","popular_shopping_shopping","0.996538583006066","0.95124327824724","0.929683665840844","0.929357274159721","0.920206080337622","0.911195067259762","0.90071367767832","0.87720226723505","0.86401726363511","0.858204900323498"
"72","-2142796672","popular_cultural_theater","popular_cultural_art","popular_landmark_monuments","popular_activity_tours","popular_cultural_museums","popular_shopping_shopping","popular_food_coffee","popular_activity_walking","popular_activity_sightseeing","popular_historical_historical","0.635909980073754","0.619835483167923","0.610851309812568","0.608288424007833","0.59561741060573","0.590042869664139","0.574690789313403","0.550549550750287","0.543081137128393","0.542395985458977"
"73","-2142759803","popular_naturalfeature_beach","popular_naturalfeature_sea","popular_activity_boating","popular_transport_port","popular_social_bars","popular_activity_sailing","popular_cultural_art","popular_activity_golf","popular_landscape_secluded","popular_food_food","0.840315047386352","0.829406946800294","0.728795363345775","0.659976065629611","0.478378404033051","0.466691806472197","0.460001591981037","0.375645465579939","0.317644725229138","0.280218890378656"
"74","-2142678435","popular_social_cafes","popular_cultural_theater","popular_cultural_livemusic","popular_activity_spas","popular_field_business","popular_lifestyle_nightlife","popular_activity_conferences","popular_food_beer","popular_activity_sports","popular_entertainment_casino","0.83686332537415","0.816965420398431","0.781401669528061","0.729969001117345","0.729755175911308","0.707849417386615","0.692187952980197","0.681209664338681","0.669034936442152","0.61760217110317"
"75","-2142638206","popular_social_bars","popular_social_familyfriendly","popular_activity_dining","popular_social_restaurants","popular_activity_spas","popular_lodging_resorts","popular_cultural_entertainment","popular_food_food","popular_naturalfeature_sea","popular_lifestyle_relaxing","0.618990162460838","0.614768877157437","0.54077926472555","0.518416260384341","0.51642540272161","0.508732331242163","0.505135156017931","0.486470477670025","0.483685978782552","0.472992415171687"
"76","-2142567821","popular_food_seafood","popular_naturalfeature_beach","popular_activity_snorkeling","popular_lodging_resorts","popular_landscape_secluded","popular_cultural_culture","popular_architecture_ruins","popular_naturalfeature_jungle","popular_naturalfeature_sea","popular_activity_coralreefs","0.995227022822487","0.991829104160083","0.990419496368232","0.990054072385767","0.989538554143567","0.985403010235848","0.984794569723649","0.982364844289116","0.980438418483113","0.979477074270962"
"77","-2142551175","popular_social_familyfriendly","popular_cultural_entertainment","popular_activity_spas","popular_food_food","popular_activity_dining","popular_activity_sports","popular_social_restaurants","popular_activity_walking","popular_activity_swimming","popular_entertainment_casino","0.424167492185726","0.39556122717636","0.379193889836098","0.34075928382993","0.337617630496462","0.32134575882694","0.318559656685234","0.317175479803799","0.313664700897645","0.300749755631493"
"78","-2142547339","popular_lifestyle_nightlife","popular_activity_sightseeing","popular_activity_camping","popular_activity_boating","popular_naturalfeature_jungle","popular_naturalfeature_river","popular_naturalfeature_lake","popular_activity_spas","popular_attraction_aquarium","popular_activity_safari","0.798827022560133","0.797828537084343","0.696374605116596","0.62049309342716","0.600784572354165","0.598689604535257","0.580228225396453","0.57071870598989","0.518732597017635","0.512689359087837"
"79","-2142294282","popular_activity_boating","popular_transport_port","popular_naturalfeature_islands","popular_naturalfeature_beach","popular_naturalfeature_sea","popular_attraction_waterparks","popular_cultural_entertainment","popular_activity_diving","popular_social_nightclubs","popular_activity_skiing","0.898456892182652","0.763967124084163","0.749601886751632","0.620920531650808","0.583960522561817","0.554378225242631","0.536918434223485","0.530909684172365","0.496454705988171","0.492992089392805"
"80","-2142240361","popular_cultural_entertainment","popular_architecture_architecture","popular_activity_sailing","popular_lifestyle_nightlife","popular_food_finedining","popular_urban_marina","popular_weather_sunnyweather","popular_attraction_wineries","popular_attraction_gardens","popular_shopping_markets","0.968309569822385","0.918135249237461","0.912641221994347","0.906112137331115","0.905150631026247","0.889101273142735","0.88154008535117","0.859958723330264","0.822314623958142","0.822131782788352"
"81","-2142213495","popular_cultural_culture","popular_attraction_themepark","popular_cultural_musicals","popular_architecture_architecture","popular_social_cafes","popular_activity_golf","popular_naturalfeature_wildlife","popular_activity_football","popular_historical_historical","popular_activity_safari","0.771771213921814","0.657958662019391","0.592605615066241","0.581779367290181","0.53605057448345","0.520230175038324","0.447609038848946","0.413219343109012","0.408385558168122","0.397331960523983"
"82","-2142202736","popular_landscape_scenery","popular_weather_sunnyweather","popular_food_finedining","popular_activity_windsurfing","popular_activity_sailing","popular_activity_spas","popular_weather_tropical","popular_naturalfeature_river","popular_activity_football","popular_social_cafes","0.843726081836522","0.839627134387772","0.83644817241637","0.80425011900491","0.797767280233527","0.782627979401615","0.769759861646577","0.761436991695334","0.749460371366434","0.739131808081378"
"83","-2142181442","popular_activity_sports","popular_cultural_musicals","popular_field_business","popular_weather_sunnyweather","popular_activity_baseball","popular_activity_windsurfing","popular_activity_sharks","popular_activity_basketball","popular_landscape_scenery","popular_food_cocktails","0.99997101373123","0.999121682369392","0.999065621233709","0.998792622494316","0.99827409015185","0.99820775334989","0.997603499210278","0.996986786137828","0.996849372593858","0.995961390926381"
"84","-2142180749","popular_naturalfeature_rainforest","popular_lifestyle_trendy","popular_cultural_musicals","popular_activity_football","popular_food_cocktails","popular_activity_segwaytours","popular_activity_hockey","popular_architecture_cathedral","popular_activity_caveexploring","popular_activity_snowshoeing","0.733943974620426","0.733660076714462","0.709134581610795","0.670486339617972","0.660723367464109","0.654955814773981","0.617229870219352","0.609650022346083","0.606979561348454","0.603736291287867"
"85","-2142153798","popular_cultural_museums","popular_lifestyle_nightlife","popular_activity_horsebackriding","popular_urban_urban","popular_activity_football","popular_social_nightclubs","popular_landmark_monuments","popular_activity_baseball","popular_cultural_theater","popular_shopping_markets","0.880922806603011","0.790901014897774","0.764896033183613","0.760652228319383","0.712000531427051","0.693588832540666","0.658743536036189","0.642513424493003","0.636438631409333","0.626950958424668"
"86","-2142090001","popular_activity_biking","popular_lifestyle_relaxing","popular_attraction_gardens","popular_activity_golf","popular_activity_swimming","popular_field_business","popular_activity_spas","popular_activity_hiking","popular_naturalfeature_desert","popular_landmark_monuments","0.996927294577789","0.822963620198156","0.780760595294251","0.721093602588843","0.716579538901504","0.692039695103003","0.652268237025231","0.545219916120095","0.534801874274924","0.466781691083877"
"87","-2142031598","popular_activity_hiking","popular_naturalfeature_mountains","popular_activity_dancing","popular_cultural_theater","popular_activity_biking","popular_activity_skiing","popular_activity_walking","popular_activity_dining","popular_social_restaurants","popular_cultural_livemusic","0.537890294203459","0.535833669573893","0.527297302018243","0.507113166965621","0.491794034838614","0.489579667161199","0.43340983119682","0.406117902288876","0.405085902585748","0.388654974474086"
"88","-2141994094","popular_cultural_culture","popular_architecture_architecture","popular_architecture_churches","popular_activity_camping","popular_activity_biking","popular_historical_historical","popular_activity_rowing","popular_cultural_art","popular_attraction_naturalparks","popular_cultural_museums","0.900865507116428","0.894923005841783","0.891900120279324","0.879404464329513","0.869914457081646","0.853445960682992","0.828613810638479","0.816664706548825","0.813235699394997","0.7847085967508"
"89","-2141936365","popular_attraction_themepark","popular_activity_adventure","popular_activity_baseball","popular_activity_walking","popular_cultural_entertainment","popular_cultural_livemusic","popular_cultural_theater","popular_field_business","popular_social_familyfriendly","popular_activity_sports","0.914384736117199","0.724608114109754","0.594836217658144","0.43832727845799","0.413031319122455","0.40256115945778","0.400794176145247","0.391113049256657","0.386156240206262","0.375461203073853"
"90","-2141912250","popular_activity_diving","popular_activity_adventure","popular_activity_biking","popular_attraction_aquarium","popular_activity_conferences","popular_activity_kayaking","popular_activity_soccer","popular_activity_basketball","popular_activity_tours","popular_activity_snowmobileriding","0.986767779213809","0.96766151925466","0.918782561258642","0.860113848546343","0.857291921641731","0.76694124103062","0.735285820433156","0.734276447273714","0.693087546974288","0.679248456863927"
"91","-2141894925","popular_food_seafood","popular_lifestyle_luxury","popular_activity_birdwatching","popular_food_finedining","popular_activity_surfing","popular_social_friendlypeople","popular_naturalfeature_jungle","popular_activity_sunsets","popular_landscape_hilly","popular_activity_kayaking","0.798401191198361","0.782334425577861","0.654462046641096","0.633994040350597","0.610548020111216","0.60397916278131","0.574868325722354","0.557083321029843","0.545325517112995","0.531702782640297"
"92","-2141878916","popular_activity_fishing","popular_cultural_theater","popular_architecture_churches","popular_landscape_hilly","popular_activity_baseball","popular_activity_running","popular_activity_caveexploring","popular_activity_hunting","popular_activity_sightseeing","popular_landscape_secluded","0.776937861037468","0.775428516333132","0.760387064498853","0.731139796590798","0.70251485891622","0.679200529485039","0.647553534129461","0.62414547949581","0.616634197449946","0.604489521760984"
"93","-2141841179","popular_lifestyle_nightlife","popular_lifestyle_romantic","popular_transport_ferry","popular_activity_football","popular_landscape_hilly","popular_architecture_cathedral","popular_naturalfeature_wildlife","popular_food_cocktails","popular_food_beer","popular_activity_hockey","0.938158653822104","0.902840516167591","0.876653876377033","0.835962950063955","0.820313852807881","0.808160610626581","0.8056828981086","0.799111122445895","0.779315470212164","0.772071316623239"
"94","-2141625992","popular_landmark_university","popular_architecture_cathedral","popular_activity_swimming","popular_activity_baseball","popular_architecture_castle","popular_lifestyle_romantic","popular_activity_soccer","popular_shopping_markets","popular_architecture_ruins","popular_activity_basketball","0.335838519650342","0.251365288083218","0.238121450708958","0.202653876733065","0.201015738959122","0.200378957471595","0.190358618219325","0.183630665331158","0.183176933194135","0.180075246279626"
"95","-2141625453","popular_cultural_museums","popular_shopping_markets","popular_cultural_theater","popular_cultural_culture","popular_architecture_churches","popular_cultural_livemusic","popular_cultural_art","popular_activity_walking","popular_social_bars","popular_activity_soccer","0.622258273323335","0.545219576940473","0.544098435699006","0.542071124551526","0.512264039202692","0.482417651151578","0.449951841100197","0.428398594031109","0.422395731799162","0.398054861005559"
"96","-2141596557","popular_activity_skiing","popular_activity_hiking","popular_naturalfeature_nature","popular_naturalfeature_lake","popular_naturalfeature_wildlife","popular_naturalfeature_mountains","popular_attraction_naturalparks","popular_activity_rafting","popular_landscape_scenery","popular_naturalfeature_forests","0.889480846642114","0.872134162311493","0.864359549903153","0.832541691952248","0.819999252184036","0.788527373806812","0.746581725438717","0.738374559993686","0.722851272492487","0.660786440453369"
"97","-2141466700","popular_cultural_festivals","popular_urban_urban","popular_historical_historical","popular_landmark_monuments","popular_cultural_culture","popular_activity_sightseeing","popular_architecture_churches","popular_cultural_opera","popular_architecture_architecture","popular_attraction_themepark","0.997172554192876","0.95797071366399","0.944608340720596","0.942666718946567","0.941259101216682","0.93681905793813","0.932488495420267","0.907971400191802","0.900024231355895","0.888177839033109"
"98","-2141384998","popular_shopping_markets","popular_activity_dancing","popular_activity_tours","popular_cultural_livemusic","popular_social_bars","popular_lifestyle_relaxing","popular_activity_dining","popular_social_familyfriendly","popular_social_restaurants","popular_lifestyle_budget","0.905170683382664","0.712312422872261","0.701131869637078","0.671718357053075","0.66113600340762","0.640040221056568","0.613166841775702","0.608939478509073","0.598947642384113","0.592289724812868"
"99","-2141382280","popular_attraction_zoo","popular_naturalfeature_beach","popular_naturalfeature_nature","popular_architecture_castle","popular_lifestyle_romantic","popular_lifestyle_budget","popular_lifestyle_relaxing","popular_activity_kayaking","popular_landscape_scenery","popular_activity_sharks","0.996270712830142","0.994749618964745","0.982764846537509","0.971113387643586","0.970167495488012","0.967534512377977","0.964274566538271","0.956160082611957","0.952897731984132","0.941265654778611"
"100","-2141376398","popular_activity_tours","popular_attraction_gardens","popular_architecture_architecture","popular_cultural_art","popular_attraction_zoo","popular_social_cafes","popular_entertainment_casino","popular_activity_football","popular_cultural_culture","popular_activity_hockey","0.965862386111191","0.930207208179679","0.929022443404347","0.919781457418252","0.916850466028394","0.903805611838658","0.901849783439539","0.887092723089413","0.882706197540819","0.866043122832623"
